{"fx": 571.1447051163535, "fy": 222.41959379228538, "cx": 310.048283488896, "cy": 107.07917305061767, "s": -0.3590597344126756, "k1": -0.48206248554284864, "k2": 0.9461880468162513, "h": 35.65130835232701}