{"fx": 588.7487099870308, "fy": 475.42704903619256, "cx": 323.17002057275675, "cy": 152.6296780803495, "s": 5.064054446092445, "k1": -1.0296683758103482, "k2": 2.3870502079670732, "h": 17.043122328523488}