{"fx": 545.9342373338538, "fy": 62.698541531451866, "cx": 310.82917989553414, "cy": 152.2534391326281, "s": -0.7482052187992191, "k1": -0.036963445259844234, "k2": 0.002615244193290352, "h": 127.33636153851303}